Workbook

Sheet Reconciliation
A1: Reconciliation: pipeline totals vs official UDISE+ figures, Rajasthan
A2: Source: UDISE+, Ministry of Education, Government of India.
A4: Exact matches | B4: =COUNTIF(J8:J25,"exact match") -> 8 | C4: of published figures | D4: =COUNT(D8:D25) -> 8 | F4: Blue = values written by the script (official figures, pipeline results). Black = Excel formulas.
A5: Export differs from gold | B5: =COUNTIF(I8:I25,"<>0") -> 0
A7: Year | B7: Indicator | C7: Description | D7: Official | E7: Pipeline (gold DB) | F7: Power BI CSVs | G7: Difference (pipeline - official) | H7: % difference | I7: CSV - gold | J7: Result
A8: 2024-25 | B8: schools | C8: Schools | D8: 106302 | E8: 106302 | F8: 106302 | G8: =IF(D8="","",E8-D8) -> 0 | H8: =IF(D8="","",G8/D8) -> 0 | I8: =F8-E8 -> 0 | J8: =IF(I8<>0,"export differs from gold",IF(D8="","no official figure",IF(G8=0,"exact match","differs"))) -> exact match
A9: 2024-25 | B9: enrolment | C9: Enrolment incl. pre-primary | D9: 16364187 | E9: 16364187 | F9: 16364187 | G9: =IF(D9="","",E9-D9) -> 0 | H9: =IF(D9="","",G9/D9) -> 0 | I9: =F9-E9 -> 0 | J9: =IF(I9<>0,"export differs from gold",IF(D9="","no official figure",IF(G9=0,"exact match","differs"))) -> exact match
A10: 2024-25 | B10: enrolment_classes_1_12 | C10: Enrolment, classes 1-12 | E10: 15340387 | F10: 15340387 | G10: =IF(D10="","",E10-D10) | H10: =IF(D10="","",G10/D10) | I10: =F10-E10 -> 0 | J10: =IF(I10<>0,"export differs from gold",IF(D10="","no official figure",IF(G10=0,"exact match","differs"))) -> no official figure
A11: 2024-25 | B11: teachers | C11: Teachers | D11: 792265 | E11: 792265 | F11: 792265 | G11: =IF(D11="","",E11-D11) -> 0 | H11: =IF(D11="","",G11/D11) -> 0 | I11: =F11-E11 -> 0 | J11: =IF(I11<>0,"export differs from gold",IF(D11="","no official figure",IF(G11=0,"exact match","differs"))) -> exact match
A12: 2024-25 | B12: single_teacher_schools | C12: Single-teacher schools | D12: 6117 | E12: 6117 | F12: 6117 | G12: =IF(D12="","",E12-D12) -> 0 | H12: =IF(D12="","",G12/D12) -> 0 | I12: =F12-E12 -> 0 | J12: =IF(I12<>0,"export differs from gold",IF(D12="","no official figure",IF(G12=0,"exact match","differs"))) -> exact match
A13: 2024-25 | B13: zero_enrolment_schools | C13: Zero-enrolment schools | D13: 215 | E13: 215 | F13: 215 | G13: =IF(D13="","",E13-D13) -> 0 | H13: =IF(D13="","",G13/D13) -> 0 | I13: =F13-E13 -> 0 | J13: =IF(I13<>0,"export differs from gold",IF(D13="","no official figure",IF(G13=0,"exact match","differs"))) -> exact match
A14: 2024-25 | B14: govt_schools | C14: Government schools | D14: 70155 | E14: 70155 | F14: 70155 | G14: =IF(D14="","",E14-D14) -> 0 | H14: =IF(D14="","",G14/D14) -> 0 | I14: =F14-E14 -> 0 | J14: =IF(I14<>0,"export differs from gold",IF(D14="","no official figure",IF(G14=0,"exact match","differs"))) -> exact match
A15: 2024-25 | B15: govt_enrolment | C15: Government enrolment incl. pre-primary | D15: 7782390 | E15: 7782390 | F15: 7782390 | G15: =IF(D15="","",E15-D15) -> 0 | H15: =IF(D15="","",G15/D15) -> 0 | I15: =F15-E15 -> 0 | J15: =IF(I15<>0,"export differs from gold",IF(D15="","no official figure",IF(G15=0,"exact match","differs"))) -> exact match
A16: 2024-25 | B16: govt_teachers | C16: Government teachers | D16: 445073 | E16: 445073 | F16: 445073 | G16: =IF(D16="","",E16-D16) -> 0 | H16: =IF(D16="","",G16/D16) -> 0 | I16: =F16-E16 -> 0 | J16: =IF(I16<>0,"export differs from gold",IF(D16="","no official figure",IF(G16=0,"exact match","differs"))) -> exact match
A17: 2025-26 | B17: schools | C17: Schools | E17: 106445 | F17: 106445 | G17: =IF(D17="","",E17-D17) | H17: =IF(D17="","",G17/D17) | I17: =F17-E17 -> 0 | J17: =IF(I17<>0,"export differs from gold",IF(D17="","no official figure",IF(G17=0,"exact match","differs"))) -> no official figure
A18: 2025-26 | B18: enrolment | C18: Enrolment incl. pre-primary | E18: 15945455 | F18: 15945455 | G18: =IF(D18="","",E18-D18) | H18: =IF(D18="","",G18/D18) | I18: =F18-E18 -> 0 | J18: =IF(I18<>0,"export differs from gold",IF(D18="","no official figure",IF(G18=0,"exact match","differs"))) -> no official figure
A19: 2025-26 | B19: enrolment_classes_1_12 | C19: Enrolment, classes 1-12 | E19: 14954579 | F19: 14954579 | G19: =IF(D19="","",E19-D19) | H19: =IF(D19="","",G19/D19) | I19: =F19-E19 -> 0 | J19: =IF(I19<>0,"export differs from gold",IF(D19="","no official figure",IF(G19=0,"exact match","differs"))) -> no official figure
A20: 2025-26 | B20: teachers | C20: Teachers | E20: 793158 | F20: 793158 | G20: =IF(D20="","",E20-D20) | H20: =IF(D20="","",G20/D20) | I20: =F20-E20 -> 0 | J20: =IF(I20<>0,"export differs from gold",IF(D20="","no official figure",IF(G20=0,"exact match","differs"))) -> no official figure
A21: 2025-26 | B21: single_teacher_schools | C21: Single-teacher schools | E21: 7200 | F21: 7200 | G21: =IF(D21="","",E21-D21) | H21: =IF(D21="","",G21/D21) | I21: =F21-E21 -> 0 | J21: =IF(I21<>0,"export differs from gold",IF(D21="","no official figure",IF(G21=0,"exact match","differs"))) -> no official figure
A22: 2025-26 | B22: zero_enrolment_schools | C22: Zero-enrolment schools | E22: 140 | F22: 140 | G22: =IF(D22="","",E22-D22) | H22: =IF(D22="","",G22/D22) | I22: =F22-E22 -> 0 | J22: =IF(I22<>0,"export differs from gold",IF(D22="","no official figure",IF(G22=0,"exact match","differs"))) -> no official figure
A23: 2025-26 | B23: govt_schools | C23: Government schools | E23: 69983 | F23: 69983 | G23: =IF(D23="","",E23-D23) | H23: =IF(D23="","",G23/D23) | I23: =F23-E23 -> 0 | J23: =IF(I23<>0,"export differs from gold",IF(D23="","no official figure",IF(G23=0,"exact match","differs"))) -> no official figure
A24: 2025-26 | B24: govt_enrolment | C24: Government enrolment incl. pre-primary | E24: 7449532 | F24: 7449532 | G24: =IF(D24="","",E24-D24) | H24: =IF(D24="","",G24/D24) | I24: =F24-E24 -> 0 | J24: =IF(I24<>0,"export differs from gold",IF(D24="","no official figure",IF(G24=0,"exact match","differs"))) -> no official figure
A25: 2025-26 | B25: govt_teachers | C25: Government teachers | E25: 441070 | F25: 441070 | G25: =IF(D25="","",E25-D25) | H25: =IF(D25="","",G25/D25) | I25: =F25-E25 -> 0 | J25: =IF(I25<>0,"export differs from gold",IF(D25="","no official figure",IF(G25=0,"exact match","differs"))) -> no official figure
A27: Enrolment includes pre-primary, as published. Government = management groups marked government in reference/management_codes.json. 2025-26 has no published figure yet.

Sheet State measures
A1: Expected values of the DAX measures, Rajasthan (state level)
A2: Computed in SQL over the exported CSVs (sql/powerbi/check_district_measures.sql). In Power BI, a card with the measure and only the year filtered should show this value.
A4: DAX measure (MEASURES.md) | B4: Column in check SQL | C4: 2024-25 | D4: 2025-26 | E4: Change | F4: Change %
A5: Schools with Students | B5: schools_with_students | C5: 105973 | D5: 106167 | E5: =D5-C5 -> 194 | F5: =IF(C5=0,"",(D5-C5)/ABS(C5)) -> 0.001830655
A6: Enrolment 1-12 | B6: enrolment_1_12 | C6: 15340387 | D6: 14954579 | E6: =D6-C6 -> -385808 | F6: =IF(C6=0,"",(D6-C6)/ABS(C6)) -> -0.025149822
A7: Teachers (schools with students) | B7: teachers | C7: 791610 | D7: 792524 | E7: =D7-C7 -> 914 | F7: =IF(C7=0,"",(D7-C7)/ABS(C7)) -> 0.001154609
A8: PTR | B8: ptr | C8: 19.378718 | D8: 18.86956 | E8: =D8-C8 -> -0.50915827 | F8: =IF(C8=0,"",(D8-C8)/ABS(C8)) -> -0.026274094
A9: Single-Teacher Schools % | B9: pct_single_teacher | C9: 0.056778613 | D9: 0.067243117 | E9: =D9-C9 -> 0.010464504
A10: Infrastructure Index | B10: avg_infra_index | C10: 79.366914 | D10: 79.763657 | E10: =D10-C10 -> 0.39674304 | F10: =IF(C10=0,"",(D10-C10)/ABS(C10)) -> 0.0049988468
A11: Girls' Share 1-12 | B11: girls_share | C11: 0.47264655 | D11: 0.4744956 | E11: =D11-C11 -> 0.0018490538
A12: Girls' Retention Gap | B12: girls_retention_gap | C12: -0.0033143702 | D12: 3.2275739e-05 | E12: =D12-C12 -> 0.0033466459
A13: % Schools with Electricity | B13: pct_has_electricity | C13: 0.91384598 | D13: 0.91536918 | E13: =D13-C13 -> 0.0015232029
A14: % Schools with Safe Water | B14: pct_has_safe_water | C14: 0.98502449 | D14: 0.98180225 | E14: =D14-C14 -> -0.0032222324
A15: % Schools with Girls' Toilet | B15: pct_has_girls_toilet | C15: 0.87266568 | D15: 0.86804751 | E15: =D15-C15 -> -0.0046181689
A16: Teachers Required (Norm) | B16: teachers_required | C16: 711638 | D16: 707282 | E16: =D16-C16 -> -4356 | F16: =IF(C16=0,"",(D16-C16)/ABS(C16)) -> -0.0061210897
A17: Teacher Shortfall | B17: teacher_shortfall | C17: 78356 | D17: 78275 | E17: =D17-C17 -> -81 | F17: =IF(C17=0,"",(D17-C17)/ABS(C17)) -> -0.0010337434
A18: Teacher Surplus | B18: teacher_surplus | C18: 149978 | D18: 154538 | E18: =D18-C18 -> 4560 | F18: =IF(C18=0,"",(D18-C18)/ABS(C18)) -> 0.030404459
A19: Net Teacher Gap | B19: net_teacher_gap | C19: -71622 | D19: -76263 | E19: =D19-C19 -> -4641 | F19: =IF(C19=0,"",(D19-C19)/ABS(C19)) -> -0.064798526
A20: Teacher Shortfall % | B20: teacher_shortfall_pct | C20: 0.11010654 | D20: 0.11067014 | E20: =D20-C20 -> 0.00056359995
A21: Schools Short of Teachers | B21: schools_short_of_teachers | C21: 26651 | D21: 28050 | E21: =D21-C21 -> 1399 | F21: =IF(C21=0,"",(D21-C21)/ABS(C21)) -> 0.05249334
A22: Classroom Shortfall | B22: classroom_shortfall | C22: 132135 | D22: 129070 | E22: =D22-C22 -> -3065 | F22: =IF(C22=0,"",(D22-C22)/ABS(C22)) -> -0.023195974
A23: Classroom Shortfall (Usable Rooms) | B23: classroom_shortfall_usable | C23: 181116 | D23: 190896 | E23: =D23-C23 -> 9780 | F23: =IF(C23=0,"",(D23-C23)/ABS(C23)) -> 0.053998542
A25: Change = 2025-26 minus 2024-25 (the YoY measures). For % measures the change is in percentage points. District indicators count only schools with students in classes 1-12.

Sheet District measures
A1: Expected values of the DAX measures, by district and year
A2: Columns marked 'vs state' are formulas: district value minus the state value of the same year (sheet State measures), as the 'vs State' DAX measures.
A4: District | B4: Year | C4: Schools with Students | D4: Enrolment 1-12 | E4: Teachers (schools with students) | F4: PTR | G4: Single-Teacher Schools % | H4: Infrastructure Index | I4: Girls' Share 1-12 | J4: Girls' Retention Gap | K4: % Schools with Electricity | L4: % Schools with Safe Water | M4: % Schools with Girls' Toilet | N4: Teachers Required (Norm) | O4: Teacher Shortfall | P4: Teacher Surplus | Q4: Net Teacher Gap | R4: Teacher Shortfall % | S4: Schools Short of Teachers | T4: Classroom Shortfall | U4: Classroom Shortfall (Usable Rooms) | V4: PTR vs state | W4: Single-Teacher Schools % vs state | X4: Infrastructure Index vs state | Y4: Girls' Share 1-12 vs state | Z4: Teacher Shortfall % vs state
A5: AJMER | B5: 2024-25 | C5: 2440 | D5: 445090 | E5: 23367 | F5: 19.047802 | G5: 0.020901639 | H5: 85.706967 | I5: 0.48268215 | J5: 0.0094817355 | K5: 0.98237705 | L5: 0.99508197 | M5: 0.92704918 | N5: 19430 | O5: 1496 | P5: 5005 | Q5: -3509 | R5: 0.076994339 | S5: 530 | T5: 4377 | U5: 5299 | V5: =F5-INDEX('State measures'!$C$8:$D$8,MATCH(B5,'State measures'!$C$4:$D$4,0)) -> -0.3309156 | W5: =G5-INDEX('State measures'!$C$9:$D$9,MATCH(B5,'State measures'!$C$4:$D$4,0)) -> -0.035876974 | X5: =H5-INDEX('State measures'!$C$10:$D$10,MATCH(B5,'State measures'!$C$4:$D$4,0)) -> 6.340053 | Y5: =I5-INDEX('State measures'!$C$11:$D$11,MATCH(B5,'State measures'!$C$4:$D$4,0)) -> 0.010035604 | Z5: =R5-INDEX('State measures'!$C$20:$D$20,MATCH(B5,'State measures'!$C$4:$D$4,0)) -> -0.033112204
A6: AJMER | B6: 2025-26 | C6: 2433 | D6: 438218 | E6: 23371 | F6: 18.750503 | G6: 0.032470201 | H6: 86.040197 | I6: 0.48422018 | J6: 0.010734073 | K6: 0.98273736 | L6: 0.99301274 | M6: 0.92519523 | N6: 19366 | O6: 1536 | P6: 5059 | Q6: -3523 | R6: 0.079314262 | S6: 573 | T6: 4237 | U6: 5634 | V6: =F6-INDEX('State measures'!$C$8:$D$8,MATCH(B6,'State measures'!$C$4:$D$4,0)) -> -0.11905703 | W6: =G6-INDEX('State measures'!$C$9:$D$9,MATCH(B6,'State measures'!$C$4:$D$4,0)) -> -0.034772916 | X6: =H6-INDEX('State measures'!$C$10:$D$10,MATCH(B6,'State measures'!$C$4:$D$4,0)) -> 6.27654 | Y6: =I6-INDEX('State measures'!$C$11:$D$11,MATCH(B6,'State measures'!$C$4:$D$4,0)) -> 0.0097245783 | Z6: =R6-INDEX('State measures'!$C$20:$D$20,MATCH(B6,'State measures'!$C$4:$D$4,0)) -> -0.031355881
A7: ALWAR | B7: 2024-25 | C7: 2974 | D7: 472806 | E7: 23417 | F7: 20.190716 | G7: 0.039004707 | H7: 78.988736 | I7: 0.47390262 | J7: 0.0037764667 | K7: 0.94451917 | L7: 0.9731002 | M7: 0.88264963 | N7: 21865 | O7: 2870 | P7: 4259 | Q7: -1389 | R7: 0.13126 | S7: 848 | T7: 3654 | U7: 5078 | V7: =F7-INDEX('State measures'!$C$8:$D$8,MATCH(B7,'State measures'!$C$4:$D$4,0)) -> 0.81199809 | W7: =G7-INDEX('State measures'!$C$9:$D$9,MATCH(B7,'State measures'!$C$4:$D$4,0)) -> -0.017773906 | X7: =H7-INDEX('State measures'!$C$10:$D$10,MATCH(B7,'State measures'!$C$4:$D$4,0)) -> -0.3781785 | Y7: =I7-INDEX('State measures'!$C$11:$D$11,MATCH(B7,'State measures'!$C$4:$D$4,0)) -> 0.0012560649 | Z7: =R7-INDEX('State measures'!$C$20:$D$20,MATCH(B7,'State measures'!$C$4:$D$4,0)) -> 0.021153462
A8: ALWAR | B8: 2025-26 | C8: 2800 | D8: 431008 | E8: 22321 | F8: 19.309529 | G8: 0.048928571 | H8: 79.091321 | I8: 0.474555 | J8: 0.0051712189 | K8: 0.94535714 | L8: 0.96857143 | M8: 0.87892857 | N8: 20272 | O8: 2543 | P8: 4429 | Q8: -1886 | R8: 0.12544396 | S8: 810 | T8: 3616 | U8: 5389 | V8: =F8-INDEX('State measures'!$C$8:$D$8,MATCH(B8,'State measures'!$C$4:$D$4,0)) -> 0.43996936 | W8: =G8-INDEX('State measures'!$C$9:$D$9,MATCH(B8,'State measures'!$C$4:$D$4,0)) -> -0.018314546 | X8: =H8-INDEX('State measures'!$C$10:$D$10,MATCH(B8,'State measures'!$C$4:$D$4,0)) -> -0.67233583 | Y8: =I8-INDEX('State measures'!$C$11:$D$11,MATCH(B8,'State measures'!$C$4:$D$4,0)) -> 5.9392336e-05 | Z8: =R8-INDEX('State measures'!$C$20:$D$20,MATCH(B8,'State measures'!$C$4:$D$4,0)) -> 0.014773819
A9: BALOTRA | B9: 2024-25 | C9: 2143 | D9: 259514 | E9: 11628 | F9: 22.318025 | G9: 0.07139524 | H9: 77.525665 | I9: 0.47819771 | J9: -0.011167878 | K9: 0.89454036 | L9: 0.9869342 | M9: 0.86980868 | N9: 12186 | O9: 1871 | P9: 1251 | Q9: 620 | R9: 0.15353685 | S9: 703 | T9: 1924 | U9: 2740 | V9: =F9-INDEX('State measures'!$C$8:$D$8,MATCH(B9,'State measures'!$C$4:$D$4,0)) -> 2.9393074 | W9: =G9-INDEX('State measures'!$C$9:$D$9,MATCH(B9,'State measures'!$C$4:$D$4,0)) -> 0.014616627 | X9: =H9-INDEX('State measures'!$C$10:$D$10,MATCH(B9,'State measures'!$C$4:$D$4,0)) -> -1.8412493 | Y9: =I9-INDEX('State measures'!$C$11:$D$11,MATCH(B9,'State measures'!$C$4:$D$4,0)) -> 0.0055511575 | Z9: =R9-INDEX('State measures'!$C$20:$D$20,MATCH(B9,'State measures'!$C$4:$D$4,0)) -> 0.043430303
A10: BALOTRA | B10: 2025-26 | C10: 2162 | D10: 254277 | E10: 11254 | F10: 22.594366 | G10: 0.10037003 | H10: 78.122294 | I10: 0.48094008 | J10: -0.0033473963 | K10: 0.89962997 | L10: 0.97918594 | M10: 0.86632747 | N10: 12193 | O10: 2147 | P10: 1142 | Q10: 1005 | R10: 0.17608464 | S10: 817 | T10: 1604 | U10: 2566 | V10: =F10-INDEX('State measures'!$C$8:$D$8,MATCH(B10,'State measures'!$C$4:$D$4,0)) -> 3.7248067 | W10: =G10-INDEX('State measures'!$C$9:$D$9,MATCH(B10,'State measures'!$C$4:$D$4,0)) -> 0.033126911 | X10: =H10-INDEX('State measures'!$C$10:$D$10,MATCH(B10,'State measures'!$C$4:$D$4,0)) -> -1.6413631 | Y10: =I10-INDEX('State measures'!$C$11:$D$11,MATCH(B10,'State measures'!$C$4:$D$4,0)) -> 0.0064444728 | Z10: =R10-INDEX('State measures'!$C$20:$D$20,MATCH(B10,'State measures'!$C$4:$D$4,0)) -> 0.065414496
A11: BANSWARA | B11: 2024-25 | C11: 3918 | D11: 443396 | E11: 20911 | F11: 21.20396 | G11: 0.16717713 | H11: 64.092011 | I11: 0.48480816 | J11: 0.013656947 | K11: 0.66028586 | L11: 0.97498724 | M11: 0.77029096 | N11: 19634 | O11: 2408 | P11: 3476 | Q11: -1068 | R11: 0.12264439 | S11: 1120 | T11: 4420 | U11: 6343 | V11: =F11-INDEX('State measures'!$C$8:$D$8,MATCH(B11,'State measures'!$C$4:$D$4,0)) -> 1.8252416 | W11: =G11-INDEX('State measures'!$C$9:$D$9,MATCH(B11,'State measures'!$C$4:$D$4,0)) -> 0.11039852 | X11: =H11-INDEX('State measures'!$C$10:$D$10,MATCH(B11,'State measures'!$C$4:$D$4,0)) -> -15.274903 | Y11: =I11-INDEX('State measures'!$C$11:$D$11,MATCH(B11,'State measures'!$C$4:$D$4,0)) -> 0.012161612 | Z11: =R11-INDEX('State measures'!$C$20:$D$20,MATCH(B11,'State measures'!$C$4:$D$4,0)) -> 0.012537849
A12: BANSWARA | B12: 2025-26 | C12: 3922 | D12: 432232 | E12: 20922 | F12: 20.65921 | G12: 0.16522183 | H12: 64.491943 | I12: 0.48501036 | J12: 0.017503781 | K12: 0.69760326 | L12: 0.9663437 | M12: 0.75497195 | N12: 19573 | O12: 2372 | P12: 3499 | Q12: -1127 | R12: 0.12118735 | S12: 1137 | T12: 4334 | U12: 6659 | V12: =F12-INDEX('State measures'!$C$8:$D$8,MATCH(B12,'State measures'!$C$4:$D$4,0)) -> 1.7896506 | W12: =G12-INDEX('State measures'!$C$9:$D$9,MATCH(B12,'State measures'!$C$4:$D$4,0)) -> 0.097978709 | X12: =H12-INDEX('State measures'!$C$10:$D$10,MATCH(B12,'State measures'!$C$4:$D$4,0)) -> -15.271714 | Y12: =I12-INDEX('State measures'!$C$11:$D$11,MATCH(B12,'State measures'!$C$4:$D$4,0)) -> 0.01051476 | Z12: =R12-INDEX('State measures'!$C$20:$D$20,MATCH(B12,'State measures'!$C$4:$D$4,0)) -> 0.010517207
A13: BARAN | B13: 2024-25 | C13: 2125 | D13: 248091 | E13: 13371 | F13: 18.554409 | G13: 0.097411765 | H13: 68.276471 | I13: 0.47912661 | J13: 0.0021979231 | K13: 0.73647059 | L13: 0.94117647 | M13: 0.73835294 | N13: 12164 | O13: 1285 | P13: 2421 | Q13: -1136 | R13: 0.10563959 | S13: 533 | T13: 2739 | U13: 3937 | V13: =F13-INDEX('State measures'!$C$8:$D$8,MATCH(B13,'State measures'!$C$4:$D$4,0)) -> -0.82430926 | W13: =G13-INDEX('State measures'!$C$9:$D$9,MATCH(B13,'State measures'!$C$4:$D$4,0)) -> 0.040633151 | X13: =H13-INDEX('State measures'!$C$10:$D$10,MATCH(B13,'State measures'!$C$4:$D$4,0)) -> -11.090444 | Y13: =I13-INDEX('State measures'!$C$11:$D$11,MATCH(B13,'State measures'!$C$4:$D$4,0)) -> 0.0064800602 | Z13: =R13-INDEX('State measures'!$C$20:$D$20,MATCH(B13,'State measures'!$C$4:$D$4,0)) -> -0.0044669507
A14: BARAN | B14: 2025-26 | C14: 2112 | D14: 237600 | E14: 13410 | F14: 17.718121 | G14: 0.09280303 | H14: 68.48589 | I14: 0.48061869 | J14: 0.0077383639 | K14: 0.7405303 | L14: 0.94223485 | M14: 0.72443182 | N14: 11952 | O14: 1157 | P14: 2536 | Q14: -1379 | R14: 0.096803882 | S14: 525 | T14: 2863 | U14: 4379 | V14: =F14-INDEX('State measures'!$C$8:$D$8,MATCH(B14,'State measures'!$C$4:$D$4,0)) -> -1.151439 | W14: =G14-INDEX('State measures'!$C$9:$D$9,MATCH(B14,'State measures'!$C$4:$D$4,0)) -> 0.025559913 | X14: =H14-INDEX('State measures'!$C$10:$D$10,MATCH(B14,'State measures'!$C$4:$D$4,0)) -> -11.277767 | Y14: =I14-INDEX('State measures'!$C$11:$D$11,MATCH(B14,'State measures'!$C$4:$D$4,0)) -> 0.0061230825 | Z14: =R14-INDEX('State measures'!$C$20:$D$20,MATCH(B14,'State measures'!$C$4:$D$4,0)) -> -0.013866261
A15: BARMER | B15: 2024-25 | C15: 3753 | D15: 440614 | E15: 18620 | F15: 23.66348 | G15: 0.085265121 | H15: 76.7919 | I15: 0.45979701 | J15: -0.030133903 | K15: 0.90301092 | L15: 0.97681855 | M15: 0.85638156 | N15: 20480 | O15: 3695 | P15: 1753 | Q15: 1942 | R15: 0.18041992 | S15: 1270 | T15: 2836 | U15: 4082 | V15: =F15-INDEX('State measures'!$C$8:$D$8,MATCH(B15,'State measures'!$C$4:$D$4,0)) -> 4.2847621 | W15: =G15-INDEX('State measures'!$C$9:$D$9,MATCH(B15,'State measures'!$C$4:$D$4,0)) -> 0.028486508 | X15: =H15-INDEX('State measures'!$C$10:$D$10,MATCH(B15,'State measures'!$C$4:$D$4,0)) -> -2.5750144 | Y15: =I15-INDEX('State measures'!$C$11:$D$11,MATCH(B15,'State measures'!$C$4:$D$4,0)) -> -0.01284954 | Z15: =R15-INDEX('State measures'!$C$20:$D$20,MATCH(B15,'State measures'!$C$4:$D$4,0)) -> 0.070313379
A16: BARMER | B16: 2025-26 | C16: 3765 | D16: 437411 | E16: 18201 | F16: 24.032251 | G16: 0.12775564 | H16: 77.471448 | I16: 0.46154532 | J16: -0.026426975 | K16: 0.90199203 | L16: 0.97131474 | M16: 0.85498008 | N16: 20554 | O16: 4125 | P16: 1675 | Q16: 2450 | R16: 0.20069086 | S16: 1519 | T16: 2557 | U16: 3929 | V16: =F16-INDEX('State measures'!$C$8:$D$8,MATCH(B16,'State measures'!$C$4:$D$4,0)) -> 5.1626912 | W16: =G16-INDEX('State measures'!$C$9:$D$9,MATCH(B16,'State measures'!$C$4:$D$4,0)) -> 0.060512527 | X16: =H16-INDEX('State measures'!$C$10:$D$10,MATCH(B16,'State measures'!$C$4:$D$4,0)) -> -2.2922097 | Y16: =I16-INDEX('State measures'!$C$11:$D$11,MATCH(B16,'State measures'!$C$4:$D$4,0)) -> -0.012950284 | Z16: =R16-INDEX('State measures'!$C$20:$D$20,MATCH(B16,'State measures'!$C$4:$D$4,0)) -> 0.09002072
... A86: UDAIPUR | B86: 2025-26 | C86: 4113 | D86: 533332 | E86: 27429 | F86: 19.444092 | G86: 0.10478969 | H86: 72.141065 | I86: 0.47973307 | J86: 0.016089045 | K86: 0.79747143 | L86: 0.9637734 | M86: 0.84536834 | N86: 23729 | O86: 2459 | P86: 5602 | Q86: -3143 | R86: 0.10362847 | S86: 1047 | T86: 5766 | U86: 8741 | V86: =F86-INDEX('State measures'!$C$8:$D$8,MATCH(B86,'State measures'!$C$4:$D$4,0)) -> 0.57453223 | W86: =G86-INDEX('State measures'!$C$9:$D$9,MATCH(B86,'State measures'!$C$4:$D$4,0)) -> 0.037546574 | X86: =H86-INDEX('State measures'!$C$10:$D$10,MATCH(B86,'State measures'!$C$4:$D$4,0)) -> -7.6225923 | Y86: =I86-INDEX('State measures'!$C$11:$D$11,MATCH(B86,'State measures'!$C$4:$D$4,0)) -> 0.00523747 | Z86: =R86-INDEX('State measures'!$C$20:$D$20,MATCH(B86,'State measures'!$C$4:$D$4,0)) -> -0.0070416714

Sheet Checks
A1: Automated checks run by scripts/make_reconciliation_workbook.py
A2: The script stops with exit code 1 if any check fails.
A4: Check | B4: Result | C4: Detail
A5: Rows in dim_year.csv = rows in gold | B5: PASS | C5: 2 in CSV, 2 in gold
A6: Rows in dim_district.csv = rows in gold | B6: PASS | C6: 41 in CSV, 41 in gold
A7: Rows in dim_management.csv = rows in gold | B7: PASS | C7: 14 in CSV, 14 in gold
A8: Rows in dim_grade.csv = rows in gold | B8: PASS | C8: 13 in CSV, 13 in gold
A9: Rows in dim_gender.csv = rows in gold | B9: PASS | C9: 3 in CSV, 3 in gold
A10: Rows in dim_social_category.csv = rows in gold | B10: PASS | C10: 4 in CSV, 4 in gold
A11: Rows in dim_school.csv = rows in gold | B11: PASS | C11: 109,037 in CSV, 109,037 in gold
A12: Rows in fact_enrolment.csv = rows in gold | B12: PASS | C12: 6,403,516 in CSV, 6,403,516 in gold
A13: Rows in fact_teachers.csv = rows in gold | B13: PASS | C13: 212,747 in CSV, 212,747 in gold
A14: Rows in fact_school_facilities.csv = rows in gold | B14: PASS | C14: 212,747 in CSV, 212,747 in gold
A15: Rows in agg_school_year.csv = rows in gold | B15: PASS | C15: 212,747 in CSV, 212,747 in gold
... A18: District rows add up to the state row (additive measures) | B18: PASS | C18: 9 measures x 2 years; differ: none

Sheet Notes
A1: Definitions, norms and sources
A2: Source: UDISE+, Ministry of Education, Government of India.
A4: Generated | B4: 2026-10-26 09:12 UTC
A5: Gold database | B5: E:/rajasthan-udise-insights/data/gold/udise.duckdb
A6: Regenerate | B6: python scripts/export_powerbi.py, then python scripts/make_reconciliation_workbook.py
A8: Official | B8: reference/official_totals.json: UDISE+ 2024-25 report (Table 2.2) and Lok Sabha / Rajya Sabha answers citing UDISE+ for government schools. Enrolment figures include pre-primary.
A9: Pipeline (gold DB) | B9: pipeline/validation.py running sql/validation/01_official_indicators.sql on int_school_year in the gold database
A10: Power BI CSVs | B10: sql/powerbi/check_validation_measures.sql: the validation DAX measures written in SQL over the exported facts and dimensions (a second, independent path)
A11: District indicators | B11: Only schools with students in classes 1-12, as in mart_district_year. PTR = students in classes 1-12 / teachers.
A12: State value | B12: Ratio of state totals (all schools pooled), not the mean of the 41 district values.
A14: Teacher norm | B14: Staffing and classroom norms for the resource-gap measures (Power BI). Teacher norms apply per school and per stage: a stage with students needs max(min_teachers, ceil(students / pupils_per_teacher)) teachers. Simplified: head-teacher posts and the RTE rule of 40 pupils per teacher for primary sections above 200 children are not modelled.
A15: primary (classes 1-5) | B15: 30 pupils per teacher, minimum 2. RTE Act 2009, Schedule, item 1(a): 2 teachers for up to 60 children, then one more per 30 children up to 120 (30:1). [statutory (simplified)]
A16: upper_primary (classes 6-8) | B16: 35 pupils per teacher, minimum 3. RTE Act 2009, Schedule, item 1(b): at least one teacher each for science and maths, social studies and languages; at least one teacher for every 35 children. [statutory]
A17: secondary (classes 9-10) | B17: 30 pupils per teacher, minimum 0. RMSA framework (now part of Samagra Shiksha): pupil-teacher ratio 30:1 at secondary. [programme norm]
... A22: Classroom shortfall | B22: Sum over schools of max(0, teachers - classrooms). 'Usable rooms' counts only classrooms in good condition or needing minor repair.
